method,swarm_size,seed,acceptance,welfare,energy_kj_per_task,fairness_gini,latency_ms,bid_compute_ms,auction_resolve_ms,learning_update_ms
AL,100,0,43.166666666666664,0.44902581305440964,13.432608673011014,0.20389961389961386,0.09618199978528234,0.022168832632208552,0.052467333346915744,0.0
Q-learning,100,0,27.166666666666668,0.29521679377251314,19.763893620733835,0.22029239766081873,13.73174449998866,11.242306499892342,0.08637316719007988,0.0
Greedy,100,0,36.666666666666664,0.3921081564438773,15.031493067741394,0.2044347826086957,0.12219733284534111,0.05842816659423988,0.04650466648551325,0.0
DACA,100,0,31.0,0.3351746626909544,16.918163753645395,0.21405940594059403,15.513771333450373,6.710146833817514,0.10812033336454381,8.254482166739763
AL,100,1,41.166666666666664,0.42425445178916116,14.559326480998685,0.2088663967611336,0.07213133316933333,0.019471666309982538,0.03870166670822073,0.0
Q-learning,100,1,29.5,0.35312146729822824,18.973629030130677,0.22439560439560438,11.411940499723036,9.192934666449824,0.09167433311328448,0.0
Greedy,100,1,34.333333333333336,0.363655172984261,15.644248971371974,0.19292237442922372,0.10470783367054537,0.04811199995553276,0.04130266623784943,0.0
DACA,100,1,29.0,0.3144454322075076,17.678754159088793,0.2207368421052631,11.19309833314522,4.823344500133923,0.09502199973212555,5.861012833362717
AL,100,2,39.166666666666664,0.40311487501766674,15.354830969140885,0.18319148936170207,0.0896126663913795,0.023226332923513837,0.04957116677057153,0.0
Q-learning,100,2,25.333333333333332,0.28105011487040266,20.46127437604101,0.22787499999999994,10.948965666708924,9.062977000163906,0.06718399963574484,0.0
Greedy,100,2,34.5,0.3662755461043603,16.313815073690552,0.18944186046511632,0.09711000020615757,0.04356933328381274,0.03866633337262707,0.0
DACA,100,2,29.333333333333332,0.3128399048781891,18.811465867541052,0.21064516129032257,10.428414666554696,4.837319333212993,0.08915366721339524,5.074853166709848
AL,100,3,40.666666666666664,0.42741961273613405,14.46953652719738,0.19614754098360648,0.024567166256019846,0.006452666493714787,0.012810332870382505,0.0
Q-learning,100,3,30.5,0.32584505714242584,18.454863340802532,0.2321052631578948,2.901226167111114,2.3155780002950146,0.01676399961676604,0.0
Greedy,100,3,33.0,0.3578554907680644,16.854919984786196,0.18736585365853656,0.025551000095826264,0.012476666694662223,0.009284666642391434,0.0
DACA,100,3,30.833333333333332,0.3205453855798034,18.045834611557627,0.22139896373057,3.095398666555411,1.4411114999529673,0.036290000134613365,1.450859999943835
AL,100,4,41.666666666666664,0.42987427322479044,14.045058765769005,0.16936000000000007,0.020953333053815488,0.0056151655250384165,0.011099666977922121,0.0
Q-learning,100,4,28.833333333333332,0.32344364201569664,18.64737225509103,0.21874316939890703,2.924849166884087,2.340740333432526,0.01784300004752974,0.0
Greedy,100,4,37.333333333333336,0.38495671827605976,15.169408682999867,0.19121739130434776,0.029797333433331612,0.014139499980956316,0.010563500133381845,0.0
DACA,100,4,31.0,0.32591813395052016,17.50345463137473,0.2178172588832487,3.0476208332159636,1.4150636668879695,0.03368533369211946,1.4361754999845289
AL,100,5,40.166666666666664,0.41225147895624437,14.292146455450176,0.19622406639004153,0.018704666654230095,0.005101833060810653,0.00965699992472461,0.0
Q-learning,100,5,26.833333333333332,0.3102386832473552,20.43959803314683,0.22289156626506026,2.9604486666115313,2.4211046665974814,0.022022333190155525,0.0
Greedy,100,5,33.166666666666664,0.33792325246233973,15.797359066093387,0.21933333333333338,0.02963950011083701,0.014338333251847265,0.010859332784699896,0.0
DACA,100,5,30.666666666666668,0.30701602916635395,16.99930358580921,0.21370000000000006,3.1746405000497666,1.4554591661484058,0.03649466649221722,1.5140081667292786
AL,100,6,41.166666666666664,0.437592769030281,14.31733374460506,0.19801619433198384,0.01930566650116816,0.005244833300821483,0.009921666448159764,0.0
Q-learning,100,6,25.833333333333332,0.2575805378307128,20.707802075724448,0.20803680981595093,7.253084333036289,6.2657960001767306,0.04183016637398396,0.0
Greedy,100,6,35.333333333333336,0.3756980280573701,15.737850101488942,0.1858371040723982,0.10819466673031759,0.05016000046452973,0.040972666780968815,0.0
DACA,100,6,31.166666666666668,0.3468628753756272,17.249970920583145,0.23060606060606062,10.359767666159314,4.813669333137416,0.09138733318347174,5.021065999996305
AL,100,7,39.833333333333336,0.4114536184724967,15.155528278093957,0.19870292887029295,0.08602899989152017,0.02379700000650094,0.045880666778733335,0.0
Q-learning,100,7,28.5,0.3126352373115341,19.35221077057353,0.18602272727272734,11.00502199983263,8.932397500029765,0.06458766646877241,0.0
Greedy,100,7,34.5,0.35431423452510286,15.927454153480737,0.19356164383561647,0.14249650019337423,0.06654749990654334,0.05648100013786461,0.0
DACA,100,7,28.166666666666668,0.30380132415344735,18.26532871659691,0.20448648648648643,11.650268333396525,5.310861333370364,0.10281016679073218,5.773337000039949
AL,100,8,44.166666666666664,0.4564411989617049,13.090051858830002,0.1985283018867925,0.08493966694610815,0.021882666648404363,0.04644200002076104,0.0
Q-learning,100,8,29.833333333333332,0.32731757225460484,18.58503993996029,0.22286486486486481,11.303002666657752,9.18059183350124,0.0686173330177553,0.0
Greedy,100,8,33.666666666666664,0.3575924628462824,16.41464680757853,0.16308411214953267,0.11602783311294236,0.05067983331779639,0.04741633364271062,0.0
DACA,100,8,30.833333333333332,0.3241820731719041,17.605206386140875,0.17378109452736326,10.207181333001548,4.462160833257561,0.0886769999730556,5.267927000071116
AL,100,9,40.666666666666664,0.413310036701225,14.620185235973265,0.18475409836065582,0.07768783349699031,0.020470666834929336,0.04206166687557319,0.0
Q-learning,100,9,28.333333333333332,0.32431685911388625,18.466656468896304,0.2351685393258427,10.777675500091087,8.77590000013394,0.06254083329016187,0.0
Greedy,100,9,32.833333333333336,0.34012767739286603,16.901804066551517,0.1545192307692308,0.10260716662742198,0.046597500040661544,0.04016500014889365,0.0
DACA,100,9,30.333333333333332,0.31354357748806,17.910221832794146,0.1926804123711341,9.97881866695631,4.539942000070975,0.0912419999561583,4.954252000049261
AL,100,10,41.666666666666664,0.44252126943557696,14.16609848022461,0.19311999999999999,0.08746633327973541,0.02187583292349397,0.04745149997082384,0.0
Q-learning,100,10,27.666666666666668,0.302560772041413,19.850261859865075,0.24112426035502962,10.907913333721808,8.949388833522486,0.06501833311631344,0.0
Greedy,100,10,34.833333333333336,0.3599164777639082,16.133607679576965,0.17065420560747668,0.11521700003261988,0.053410333493957296,0.04446833309581658,0.0
DACA,100,10,27.166666666666668,0.2863615851784588,20.202459823134486,0.23885057471264376,9.759514666826968,4.439406666351715,0.0858209996901375,4.837338999980905
AL,100,11,41.166666666666664,0.4221902726598456,13.905125808136665,0.2010121457489879,0.07563500005441408,0.01918600006320048,0.04074283327402858,0.0
Q-learning,100,11,25.0,0.28102444096418955,21.120315585136414,0.2137735849056604,10.78574866662772,8.94301633326298,0.06670249975286424,0.0
Greedy,100,11,34.166666666666664,0.34347007038686883,15.420669391097093,0.20078341013824882,0.1287566662116054,0.058299499845209844,0.05130999988371817,0.0
DACA,100,11,27.666666666666668,0.28020425563704865,18.38973072925246,0.24420765027322403,10.212026666849852,4.694138999766437,0.08841499999107327,5.009584500003257
AL,100,12,40.833333333333336,0.4215617777151759,14.666419427613823,0.1715510204081633,0.08667916675525096,0.02359999971910535,0.04568599989094461,0.0
Q-learning,100,12,29.833333333333332,0.33616855051283717,18.264435585317663,0.20643243243243248,10.579060500264555,8.491694666833306,0.06187633327499498,0.0
Greedy,100,12,34.333333333333336,0.3682171080939796,15.8687746239808,0.1902739726027397,0.09822333360110254,0.04438550036866218,0.03973883343860507,0.0
DACA,100,12,30.5,0.32717973519773985,17.448939792934013,0.2256122448979592,9.82495066654034,4.5034386669431115,0.08888716702737536,4.8441006666689645
AL,100,13,40.5,0.42913816112040926,14.610884807360025,0.2088477366255144,0.08368666688814604,0.020483166808844544,0.0470101668179268,0.0
Q-learning,100,13,26.166666666666668,0.30540556939225233,20.86950493390393,0.20634146341463422,11.104140500198506,9.14104833342814,0.06818899984258071,0.0
Greedy,100,13,33.666666666666664,0.36023776277604314,15.890730334538045,0.21925925925925924,0.1070429999284291,0.050825666815702185,0.04029400006402284,0.0
DACA,100,13,30.0,0.31208433706445343,18.084919308291543,0.235,9.646746000047036,4.422775499964094,0.08691866651740081,4.758306333314977
AL,100,14,38.5,0.40351565448731136,15.17439057352223,0.2073160173160173,0.07797316657767321,0.02091933342550571,0.04188316655927338,0.0
Q-learning,100,14,27.333333333333332,0.3048008781733825,19.681411417882618,0.21674285714285715,10.777336166866007,8.761097666768668,0.06546649980009533,0.0
Greedy,100,14,33.5,0.34701458732489743,16.108178591550285,0.2172985781990522,0.10508566682498592,0.047686833616656564,0.041982166779538,0.0
DACA,100,14,29.166666666666668,0.3123068956380097,18.47359555057117,0.2358064516129032,10.03547133298222,4.581482666641629,0.08758850048858828,4.972556166661282
AL,100,15,41.666666666666664,0.431650197683701,13.602946374416351,0.23743999999999998,0.07829450022351618,0.020968666334132042,0.04124983325406598,0.0
Q-learning,100,15,26.333333333333332,0.29120467667716415,19.281472685970837,0.2161271676300578,10.501865666641,8.518972499829639,0.064428666397968,0.0
Greedy,100,15,32.666666666666664,0.3445839977161714,16.470377984703802,0.18990338164251214,0.0992241665032149,0.046053333256471284,0.038684500153370514,0.0
DACA,100,15,29.833333333333332,0.3263632975198481,17.531703538401832,0.23144329896907223,10.098562667044462,4.525113166988983,0.08306583299903043,5.099050666685798
AL,100,16,39.166666666666664,0.41229607351469083,14.890730190911192,0.19604255319148933,0.08203116655446745,0.019953333248849958,0.045999499682996735,0.0
Q-learning,100,16,29.0,0.31426116496872375,18.793476985788892,0.22144444444444444,10.785598666770966,8.739732666387377,0.06523766676158023,0.0
Greedy,100,16,31.166666666666668,0.3275615445925033,16.626978632680235,0.17,0.14821000026131514,0.0654518334340537,0.0538488332919466,0.0
DACA,100,16,26.833333333333332,0.28907849006183567,19.838841310754326,0.2139080459770115,10.35530516647365,4.609703666792484,0.08448049959649022,5.266252666648749
AL,100,17,42.166666666666664,0.4260479418538412,14.203232870271554,0.18059288537549406,0.07738399996014778,0.02004149995627813,0.041640500033584736,0.0
Q-learning,100,17,27.5,0.3080128259283945,18.994175485408668,0.20549132947976873,10.676603833514188,8.716166666320836,0.0623351667066648,0.0
Greedy,100,17,33.833333333333336,0.34525095034202047,16.618368001407003,0.2107692307692308,0.09639133371820208,0.044083333171632454,0.03742266679182649,0.0
DACA,100,17,29.333333333333332,0.30687682006286665,18.563051976940848,0.21832432432432428,10.01553550052146,4.654367833354627,0.09221999973912413,4.862639833348415
AL,100,18,42.0,0.43880099762704006,13.92859576370508,0.18992063492063493,0.08606566683738492,0.022020499939875055,0.04462633398361504,0.0
Q-learning,100,18,26.666666666666668,0.31737263291012346,19.77094396725297,0.22053254437869824,10.80781750009919,8.810989166934936,0.06975416697969195,0.0
Greedy,100,18,32.833333333333336,0.3436185947721169,16.705323016583012,0.1907729468599034,0.1025458333848898,0.04801916666716958,0.03908116646925919,0.0
DACA,100,18,28.833333333333332,0.31372353892429017,17.99826014894626,0.18627659574468083,10.632962499463853,4.689839833493655,0.08728149987291545,5.436867333361685
AL,100,19,41.333333333333336,0.4233366149482673,14.205286010619133,0.17701612903225808,0.07780083319327484,0.020358000013705652,0.04246216648122451,0.0
Q-learning,100,19,27.5,0.30485922657893433,20.117750119259863,0.24129411764705877,10.416635999523956,8.550736333078627,0.06241500050236937,0.0
Greedy,100,19,33.5,0.34290046872318786,15.330065775569992,0.19046296296296292,0.11317866689447935,0.05386383335765762,0.043347666675496534,0.0
DACA,100,19,28.666666666666668,0.28456374142074703,18.35977948682253,0.21832432432432428,10.14445599981021,4.548659500045081,0.08481116662248193,5.126310333337945
AL,200,0,80.66666666666667,0.8244080762194408,11.642879931394718,0.2593595041322314,0.11739533304838308,0.030316833581309766,0.06797916673046227,0.0
Q-learning,200,0,51.166666666666664,0.5670233697213707,20.08213309317536,0.23015337423312887,25.070609500059316,17.91094433327089,0.08615016706850535,0.0
Greedy,200,0,67.83333333333333,0.7105335556651788,15.056395329040743,0.17986046511627904,0.12416016664550018,0.04882400013836256,0.053626333634989955,0.0
DACA,200,0,51.833333333333336,0.5495503562432854,19.124094812816363,0.21849854227405247,10.423568500070056,4.534503333246296,0.10280800022883341,5.389386333433019
AL,200,1,86.0,0.8521528923614463,11.299436345638693,0.2595348837209302,0.12722683325894954,0.02621050014568027,0.07607733336044475,0.0
Q-learning,200,1,54.5,0.6090301193333922,19.781950994004532,0.21811953352769678,24.50919166658423,17.101773999917594,0.08480233344016597,0.0
Greedy,200,1,71.0,0.7199015620308044,14.654099313725888,0.20005668934240362,0.10593533334031235,0.04216516676630514,0.04650033311918378,0.0
DACA,200,1,54.666666666666664,0.5651498593555669,19.290209942292876,0.21471671388101982,9.942174333167108,4.32434533322521,0.10035633327788673,5.1300975000291755
AL,200,2,80.33333333333333,0.8138620197854417,12.129767588498186,0.24778008298755183,0.09652433354252328,0.02043650070845615,0.05644916721697276,0.0
Q-learning,200,2,53.0,0.5915303900149148,19.49403453060666,0.20211309523809518,24.1709281665923,16.851687666518654,0.0821633333301482,0.0
Greedy,200,2,66.16666666666667,0.6757517046704054,15.849203970555394,0.19362980769230773,0.11109866689366754,0.04632233358279336,0.04801316654872304,0.0
DACA,200,2,53.333333333333336,0.5557586470365687,18.816181713715196,0.2235100286532952,9.754728166541705,4.299070000318655,0.09940500000084285,4.986630499964424
AL,200,3,80.33333333333333,0.8274552839450255,12.207157916424185,0.23064315352697093,0.0985071667188701,0.021994166478786308,0.056107833224814385,0.0
Q-learning,200,3,54.0,0.5845917389761696,19.5779092239193,0.22197947214076252,22.51422199983305,15.891172499565679,0.07340099958431286,0.0
Greedy,200,3,64.0,0.6675070324989008,15.628569785195092,0.18812807881773394,0.11449183368919573,0.048374666657764465,0.049756833492817044,0.0
DACA,200,3,54.833333333333336,0.6060999254615217,18.764149531042683,0.2247746478873239,10.053161500327406,4.454358999792021,0.1039378332158473,5.10343133333663
AL,200,4,86.33333333333333,0.8696802419717244,11.189189894894374,0.2354826254826254,0.09996266666955005,0.020932833576807752,0.05912233372024881,0.0
Q-learning,200,4,55.0,0.6052636870281355,19.065567549069723,0.22201449275362323,25.885864666706766,18.140726500132587,0.09446916626378273,0.0
Greedy,200,4,69.83333333333333,0.7333634240226697,14.829118462266102,0.1859977324263039,0.1467221667068467,0.05689666674394781,0.06735766706697177,0.0
DACA,200,4,54.666666666666664,0.58112011109136,19.069843180114177,0.23398016997167134,9.572976666580265,4.346571833884809,0.09865116713626776,4.727677499928784
AL,200,5,82.16666666666667,0.8521669934566356,11.85889180116431,0.24487829614604464,0.0949243338254746,0.01974333344454256,0.056353333275183104,0.0
Q-learning,200,5,53.0,0.5932621717118208,19.8470992629633,0.21195783132530124,22.78119749952263,16.247880499965202,0.08800700040107283,0.0
Greedy,200,5,65.16666666666667,0.6780999135459055,15.79689596902074,0.19119277108433735,0.10721266677137464,0.04233533351604516,0.04775466618108718,0.0
DACA,200,5,52.5,0.574960250270435,19.113737538598834,0.22363768115942023,9.6617298333634,4.281618999448256,0.09852349988553517,4.910771833286465
AL,200,6,82.33333333333333,0.8408689698692521,12.137072841648148,0.23378542510121464,0.09166950015545201,0.01954716724867467,0.05429116667073686,0.0
Q-learning,200,6,54.5,0.5954333889728008,19.71094937371916,0.2266959064327486,21.659601000113373,15.28355450015321,0.07051833369284093,0.0
Greedy,200,6,66.16666666666667,0.6984355750297926,15.688918822057902,0.20178743961352652,0.12400983318608876,0.04808583311387338,0.054580999882697746,0.0
DACA,200,6,53.333333333333336,0.5691607010237473,19.090013151429595,0.20257925072046107,9.483647332939048,4.257902499884949,0.09645549990333772,4.7590870000810055
AL,200,7,82.66666666666667,0.8421211324677595,12.02192385032052,0.2399395161290323,0.0898198333500962,0.01839333332706398,0.05302266664026926,0.0
Q-learning,200,7,53.666666666666664,0.6027558969931738,20.126120779640186,0.21638643067846602,23.692790833374602,16.637225500162458,0.07800716664254044,0.0
Greedy,200,7,65.33333333333333,0.6655608876375785,16.167577751969198,0.19504866180048666,0.10124083356155704,0.0393645001652961,0.04676466645226659,0.0
DACA,200,7,55.666666666666664,0.5856633692494372,18.375938229887428,0.21472375690607734,9.443583666919343,4.178428166293695,0.09825366711690246,4.797241000026891
AL,200,8,83.16666666666667,0.8477502537424417,11.219273277239235,0.23279559118236479,0.0888256668986287,0.018955333216581494,0.05130933350301348,0.0
Q-learning,200,8,54.5,0.5720222906406675,20.260423635853176,0.21828358208955223,22.274333833071676,15.758280000057615,0.06939899954886641,0.0
Greedy,200,8,66.5,0.677037456883563,15.772765270674737,0.1739613526570048,0.11567250005706835,0.048801833205895186,0.048860833291352414,0.0
DACA,200,8,58.0,0.6014187995436823,18.096169942240607,0.20991891891891895,9.892736667170539,4.511773666551259,0.09956283325057787,4.852662166667869
AL,200,9,85.66666666666667,0.8548473463464497,11.362688487417387,0.25361867704280155,0.0898990001102599,0.019960333180885453,0.052275666870021574,0.0
Q-learning,200,9,52.166666666666664,0.578231960883456,19.626852015336862,0.22073134328358207,23.119934999825393,16.401174500521545,0.07431850009500825,0.0
Greedy,200,9,69.16666666666667,0.7076698227592185,15.574855468862028,0.18772517321016166,0.18705666647292674,0.08005016674966707,0.07809450034983456,0.0
DACA,200,9,58.666666666666664,0.6052209342724283,18.090317440388556,0.2163066666666667,9.887242833065102,4.485561000134719,0.10053516629947505,4.912917833353276
AL,200,10,79.5,0.8276565420805171,12.085989140552044,0.26558700209643604,0.0975873332208721,0.019827333332311053,0.05628533343648693,0.0
Q-learning,200,10,52.166666666666664,0.5688800359551416,19.942048709994307,0.20404191616766468,21.82686833368886,15.596771833103654,0.06965816670951124,0.0
Greedy,200,10,65.16666666666667,0.6853006944336535,16.071131465265818,0.18766343825665857,0.11920250033047826,0.04937333341028231,0.05167116680240724,0.0
DACA,200,10,54.5,0.586199872259904,18.92858093822039,0.22741477272727267,11.287656499747149,4.9007663334001945,0.11164966660241286,5.826586500067303
AL,200,11,83.66666666666667,0.8463903408165184,11.344727090838184,0.23828685258964144,0.08550199990471204,0.01759349969991793,0.050231333031357885,0.0
Q-learning,200,11,52.0,0.5765773932257413,19.64168906851839,0.2334730538922156,22.041315667011077,15.628823000370176,0.07328816670148323,0.0
Greedy,200,11,68.16666666666667,0.6904219707393928,15.664681158978082,0.21291962174940893,0.1205896669368182,0.047086499738118924,0.05498783323370541,0.0
DACA,200,11,57.333333333333336,0.5977673988849547,17.617547348120013,0.21832432432432428,10.010351000164519,4.465741833191714,0.10571149927272927,5.051501166672097
AL,200,12,81.16666666666667,0.8270431457452185,11.24505290346224,0.28417864476386046,0.1137306667563583,0.023569499656635646,0.06640883354217901,0.0
Q-learning,200,12,51.5,0.5557390812330687,20.312862666486538,0.22369300911854098,23.79658383319717,17.138461166396155,0.07896616659612239,0.0
Greedy,200,12,65.16666666666667,0.6866861326987641,15.508028929495751,0.20214964370546312,0.1399416667118203,0.052642833106801845,0.06627049956781168,0.0
DACA,200,12,55.833333333333336,0.5903852422576279,18.174131496450794,0.22777472527472525,10.602112666310859,4.657647833761682,0.10093266663413185,5.423966666664152
AL,200,13,82.16666666666667,0.8317633322371388,11.67188011777812,0.2671501014198783,0.1116768335486995,0.023663999939647812,0.0655398332552674,0.0
Q-learning,200,13,54.5,0.585864505114426,20.0574332269689,0.20332352941176468,25.021677499704918,17.5591995001984,0.08605866615350048,0.0
Greedy,200,13,67.66666666666667,0.7032114100186361,15.362598209985958,0.18055294117647067,0.12051083339126005,0.049296833555369325,0.052673833415610716,0.0
DACA,200,13,57.666666666666664,0.6024650592281597,17.940831225903736,0.21615902964959574,9.907517333558644,4.413464999888674,0.10112183328601532,5.01161533332682
AL,200,14,82.83333333333333,0.8513981623636739,11.719281354420621,0.275523138832998,0.09966849936366391,0.02169916610000655,0.05708099973465627,0.0
Q-learning,200,14,49.5,0.5528179371415816,21.057308117147247,0.22192063492063496,23.10630500013455,16.736036499811842,0.07712900020123925,0.0
Greedy,200,14,69.66666666666667,0.7269448102220519,14.906525071514281,0.19997727272727275,0.12676333331910428,0.05029816631576978,0.056045666982148155,0.0
DACA,200,14,53.166666666666664,0.5841627461845681,18.809238823603685,0.2231019830028329,10.191606333391974,4.495659833143388,0.10225149994463816,5.162685833420255
AL,200,15,83.16666666666667,0.8337328496661853,11.848714262426258,0.2361022044088176,0.09570116669541069,0.020201833297808964,0.054839000489058286,0.0
Q-learning,200,15,53.333333333333336,0.5904453143669744,19.500443045794963,0.2241964285714286,25.6971594998807,18.31882449987461,0.0921108331628299,0.0
Greedy,200,15,67.0,0.6982266043500491,15.411047607363754,0.20091981132075476,0.11575183321838267,0.04503283361070013,0.05155016706945995,0.0
DACA,200,15,55.5,0.589510108200151,18.25680702548843,0.2262430939226519,9.8243406664551,4.385346499863469,0.1013293336048567,4.955574666673783
AL,200,16,83.0,0.8372698955253295,11.92286071890449,0.23638554216867477,0.09827533324520725,0.022991000126542833,0.057081166523857974,0.0
Q-learning,200,16,54.166666666666664,0.5752957435391136,18.915162850159867,0.23931486880466465,23.12238633373151,16.273847166861135,0.07521949997074746,0.0
Greedy,200,16,68.0,0.7030560275943355,15.65073633332755,0.1820142180094787,0.12677750031192167,0.050913500526803546,0.056896333286810354,0.0
DACA,200,16,55.833333333333336,0.588000803861322,19.025537359492102,0.2190555555555555,11.294582166616843,5.060357166633669,0.10879999989507876,5.692774000078013
AL,200,17,84.83333333333333,0.8446803821613749,11.656448084678068,0.2495972495088408,0.11928233342284027,0.02385983338172082,0.06900299971069519,0.0
Q-learning,200,17,52.5,0.5812675691799704,19.730438450593798,0.24121301775147927,26.08336116679614,18.44114750024649,0.0891618337724746,0.0
Greedy,200,17,69.33333333333333,0.7089449898607696,15.745385320355686,0.18158079625292742,0.12846633331112875,0.05336333325734207,0.057093333307420835,0.0
DACA,200,17,59.333333333333336,0.5994263357958204,18.48187470737468,0.2255962059620596,10.719322333461605,4.912235500305542,0.11166900010721292,5.268399000002925
AL,200,18,83.33333333333333,0.8563050703881291,11.567566273748875,0.2604600000000001,0.12066199963252681,0.026218499721532378,0.07211449990184822,0.0
Q-learning,200,18,57.0,0.6191433709225262,19.214028782663288,0.22121468926553675,26.263101499789627,18.306810999905185,0.08457933351261697,0.0
Greedy,200,18,67.5,0.7081891434052783,15.44492432732641,0.19535377358490563,0.13183133349230047,0.05435133365002306,0.05741416658565868,0.0
DACA,200,18,53.166666666666664,0.5656281635121955,19.030012331038808,0.2111253561253561,12.310529000145229,5.554315666401332,0.1344601667127184,6.096388499984944
AL,200,19,80.33333333333333,0.8220121677937146,12.131673499632672,0.24995850622406635,0.09944850052609884,0.020910000166622922,0.060192166492925026,0.0
Q-learning,200,19,53.833333333333336,0.6127025674115397,19.59345587802007,0.21520527859237532,24.836996832794586,17.507097832834308,0.08445766693815433,0.0
Greedy,200,19,67.0,0.7024004837842258,15.098642908555655,0.1977594339622641,0.12835499976063147,0.05000733302343482,0.05832666703402841,0.0
DACA,200,19,55.5,0.5814554851631037,18.06659630791203,0.22794765840220393,10.668998332791185,4.852843667201038,0.10873699968215078,5.282836833381832
